Variety,Processing.Method,Total.Cup.Points,Moisture,Category.One.Defects,Quakers,Color,Category.Two.Defects,altitude_mean_meters
,Washed / Wet,90.58,0.12,0,0.0,Green,0,2075.0
Other,Washed / Wet,89.92,0.12,0,0.0,Green,1,2075.0
Bourbon,,89.75,0.0,0,0.0,,0,1700.0
,Natural / Dry,89.0,0.11,0,0.0,Green,2,2000.0
Other,Washed / Wet,88.83,0.12,0,0.0,Green,2,2075.0
,,88.67,0.03,0,0.0,,0,1635.0
,,88.42,0.03,0,0.0,,0,1635.0
Other,Natural / Dry,88.25,0.1,0,0.0,Green,4,1822.5
,Natural / Dry,88.08,0.1,0,0.0,,1,1905.0
Other,Washed / Wet,87.92,0.0,0,0.0,,0,1872.0
Other,Washed / Wet,87.92,0.0,0,0.0,,0,1943.0
,,87.92,0.0,0,0.0,,2,609.6
,,87.83,0.05,0,0.0,,2,1635.0
Other,Washed / Wet,87.58,0.0,0,0.0,,0,2080.0
,,87.42,0.03,0,0.0,,0,1500.0
Catimor,Washed / Wet,87.25,0.1,0,0.0,Green,0,1450.0
Ethiopian Yirgacheffe,Natural / Dry,87.25,0.0,0,0.0,,8,1850.0
Other,Washed / Wet,87.25,0.0,0,0.0,,0,2019.0
Caturra,Washed / Wet,87.17,0.11,0,0.0,Green,2,1300.0
Other,Washed / Wet,87.17,0.13,0,0.0,Green,0,1320.0
Other,Washed / Wet,87.08,0.0,0,0.0,,0,2112.0
Bourbon,Natural / Dry,86.92,0.12,0,0.0,Green,2,1250.0
SL14,Washed / Wet,86.83,0.12,0,0.0,Green,1,1950.0
Caturra,,86.67,0.1,0,0.0,Green,3,1400.0
Sumatra,Pulped natural / honey,86.58,0.0,0,0.0,Green,0,1200.0
Bourbon,Natural / Dry,86.42,0.12,0,0.0,Green,2,1300.0
Caturra,Washed / Wet,86.33,0.0,0,0.0,Blue-Green,0,1300.0
,Natural / Dry,86.25,0.1,0,0.0,Green,3,1775.0
SL34,Washed / Wet,86.25,0.12,0,0.0,Blue-Green,1,1800.0
Other,Washed / Wet,86.17,0.0,0,0.0,,0,1941.0
Caturra,Washed / Wet,86.17,0.1,1,0.0,Green,9,1300.0
Yellow Bourbon,,86.17,0.08,0,0.0,,2,12.0
Yellow Bourbon,,86.17,0.01,0,0.0,,3,12.0
Bourbon,Semi-washed / Semi-pulped,86.08,0.12,0,0.0,Green,0,1000.0
SL28,Natural / Dry,86.08,0.11,0,0.0,Bluish-Green,2,1754.0
Bourbon,Semi-washed / Semi-pulped,86.08,0.11,0,0.0,Blue-Green,2,1250.0
Caturra,Washed / Wet,86.0,0.12,1,0.0,Green,1,1200.0
SL28,Washed / Wet,86.0,0.11,0,0.0,Green,1,1860.0
Other,Washed / Wet,86.0,0.1,0,0.0,Blue-Green,0,1650.0
,,86.0,0.01,0,0.0,,4,1750.0
,,86.0,0.0,0,0.0,,0,426.72
SL14,Natural / Dry,85.92,0.12,0,0.0,Green,0,1650.0
Caturra,Washed / Wet,85.92,0.0,1,0.0,Blue-Green,0,1800.0
Gesha,Washed / Wet,85.83,0.08,0,1.0,Bluish-Green,0,1600.0
,Washed / Wet,85.83,0.1,0,0.0,Green,4,1900.0
Bourbon,Washed / Wet,85.83,0.12,0,0.0,Green,3,1524.0
Catuai,Washed / Wet,85.83,0.1,0,0.0,Bluish-Green,1,1417.32
,Washed / Wet,85.75,0.12,0,0.0,Bluish-Green,1,1700.0
Bourbon,Washed / Wet,85.58,0.1,0,0.0,Blue-Green,3,1500.0
Bourbon,Semi-washed / Semi-pulped,85.58,0.11,0,0.0,,0,1350.0
Caturra,Natural / Dry,85.5,0.09,2,0.0,,2,1680.0
SL28,Natural / Dry,85.5,0.1,0,0.0,Green,3,1900.0
Other,Natural / Dry,85.5,0.12,0,0.0,Green,7,1900.0
SL14,Washed / Wet,85.5,0.12,0,0.0,Green,1,1600.0
Bourbon,Washed / Wet,85.5,0.11,0,0.0,Green,1,1731.264
,Washed / Wet,85.42,0.1,0,0.0,Green,18,1900.0
SL14,Washed / Wet,85.42,0.12,0,0.0,Green,5,1950.0
Bourbon,Semi-washed / Semi-pulped,85.42,0.11,0,0.0,Blue-Green,1,1250.0
,,85.42,0.01,0,0.0,,0,1400.0
Catimor,Natural / Dry,85.33,0.1,0,0.0,Green,0,1700.0
Pacamara,Natural / Dry,85.33,0.11,0,0.0,Green,1,1770.0
Caturra,Washed / Wet,85.33,0.0,0,0.0,Bluish-Green,0,1300.0
Caturra,Washed / Wet,85.33,0.1,0,0.0,Bluish-Green,2,1300.0
SL34,Washed / Wet,85.33,0.0,0,0.0,Green,2,1600.0
SL34,Washed / Wet,85.33,0.0,0,0.0,Green,6,1200.0
Caturra,Washed / Wet,85.25,0.11,0,0.0,Green,0,1550.0
Caturra,Natural / Dry,85.25,0.12,0,0.0,Green,2,1550.0
Sumatra Lintong,Semi-washed / Semi-pulped,85.17,0.11,0,0.0,Green,3,1325.0
Caturra,Washed / Wet,85.17,0.0,0,0.0,,7,1400.0
Caturra,Natural / Dry,85.08,0.0,0,0.0,,0,2560.0
,Natural / Dry,85.08,0.1,2,0.0,Green,7,1700.0
Caturra,Natural / Dry,85.08,0.11,0,0.0,Green,8,2136.0
SL14,Washed / Wet,85.0,0.11,0,0.0,Green,1,1800.0
Catuai,Washed / Wet,85.0,0.12,1,1.0,Green,1,1900.0
Typica,Washed / Wet,85.0,0.09,0,0.0,Green,3,1300.0
,Washed / Wet,85.0,0.11,0,5.0,Green,7,1.0
SL34,Washed / Wet,85.0,0.0,0,0.0,Green,5,1580.0
Mundo Novo,Natural / Dry,85.0,0.12,0,0.0,Green,3,1100.0
Pacamara,,85.0,0.0,0,0.0,,0,1400.0
,,85.0,0.04,0,0.0,,1,1325.88
Caturra,Washed / Wet,84.92,0.12,0,0.0,Green,1,1775.0
Typica,Semi-washed / Semi-pulped,84.92,0.11,0,0.0,Green,0,800.0
Other,Washed / Wet,84.92,0.12,0,0.0,Green,2,1620.0
Caturra,Washed / Wet,84.92,0.11,0,0.0,Green,3,1775.0
Typica,Semi-washed / Semi-pulped,84.92,0.11,0,0.0,,0,1200.0
Bourbon,Natural / Dry,84.92,0.11,0,0.0,Green,2,1200.0
Catuai,Natural / Dry,84.92,0.12,0,0.0,Green,2,1000.0
Typica,Natural / Dry,84.83,0.0,0,0.0,Green,0,350.0
SL14,Natural / Dry,84.83,0.12,0,0.0,Green,1,1650.0
,,84.83,0.1,0,0.0,,2,1750.0
,,84.83,0.1,0,0.0,,4,1750.0
SL34,Washed / Wet,84.75,0.13,0,0.0,Green,0,1800.0
Catuai,Washed / Wet,84.75,0.11,0,0.0,Green,4,1450.0
,,84.75,0.15,0,0.0,,3,1200.0
,,84.75,0.18,0,0.0,,2,925.0
Bourbon,Washed / Wet,84.67,0.0,0,0.0,Blue-Green,2,1350.0
Java,Washed / Wet,84.67,0.12,0,0.0,Green,7,1200.0
Mundo Novo,Pulped natural / honey,84.67,0.12,0,0.0,Green,0,170.0
Catuai,Washed / Wet,84.67,0.1,0,0.0,Blue-Green,2,1150.0
Bourbon,Washed / Wet,84.67,0.1,0,0.0,Green,1,1600.0
Caturra,Washed / Wet,84.67,0.12,0,0.0,Green,0,1750.0
Ethiopian Yirgacheffe,Washed / Wet,84.67,0.1,0,0.0,,3,1900.0
Other,Other,84.67,0.08,0,0.0,Green,1,1750.0
Catuai,Washed / Wet,84.67,0.11,0,0.0,Green,4,1200.0
Typica,Washed / Wet,84.67,0.11,0,0.0,Green,0,1000.0
Caturra,Washed / Wet,84.67,0.0,0,0.0,Green,0,1550.0
SL28,Washed / Wet,84.67,0.11,0,0.0,Bluish-Green,0,2000.0
Bourbon,Washed / Wet,84.67,0.11,0,0.0,Green,4,1310.64
Bourbon,Washed / Wet,84.67,0.12,0,0.0,Green,4,1524.0
Typica,Washed / Wet,84.67,0.13,0,0.0,,3,1200.0
Other,Washed / Wet,84.67,0.11,0,0.0,Blue-Green,3,1775.0
,,84.67,0.2,0,0.0,,3,1750.0
SL34,Washed / Wet,84.58,0.11,0,0.0,Blue-Green,5,1754.0
Other,Washed / Wet,84.58,0.0,0,0.0,Blue-Green,4,1500.0
Peaberry,Washed / Wet,84.58,0.1,0,0.0,Bluish-Green,2,1800.0
Pacas,Washed / Wet,84.58,0.11,0,0.0,Green,1,1524.0
Bourbon,Washed / Wet,84.58,0.09,0,0.0,Green,0,1219.2
Caturra,Washed / Wet,84.58,0.0,0,0.0,,0,1550.0
Caturra,Washed / Wet,84.58,0.0,0,0.0,,5,1750.0
Caturra,Washed / Wet,84.58,0.0,0,0.0,Green,2,1750.0
Bourbon,Semi-washed / Semi-pulped,84.58,0.12,0,0.0,Bluish-Green,2,1575.0
Caturra,Washed / Wet,84.58,0.11,0,0.0,Green,6,1800.0
Bourbon,Semi-washed / Semi-pulped,84.58,0.12,0,0.0,Green,2,1300.0
Catuai,Semi-washed / Semi-pulped,84.58,0.11,0,0.0,Blue-Green,1,1100.0
Caturra,Washed / Wet,84.5,0.1,0,0.0,Bluish-Green,2,1200.0
SL14,Washed / Wet,84.5,0.11,0,0.0,Green,1,1750.0
Catimor,Washed / Wet,84.5,0.1,0,0.0,Green,1,1680.0
Caturra,Washed / Wet,84.5,0.11,0,0.0,Green,0,1700.0
Other,Washed / Wet,84.5,0.12,1,0.0,Green,0,1800.0
Other,Washed / Wet,84.5,0.0,0,0.0,Green,2,1100.0
Bourbon,Washed / Wet,84.5,0.11,0,0.0,Green,2,1310.64
SL28,Washed / Wet,84.5,0.11,0,0.0,Blue-Green,0,2000.0
Typica,Washed / Wet,84.5,0.12,0,0.0,Green,0,1350.0
Typica,Washed / Wet,84.5,0.11,0,0.0,,4,1500.0
Caturra,Washed / Wet,84.42,0.1,0,0.0,Blue-Green,3,1300.0
Mandheling,Other,84.42,0.0,0,0.0,Blue-Green,3,1400.0
Caturra,Washed / Wet,84.42,0.0,0,0.0,Green,3,1775.0
Typica,Washed / Wet,84.42,0.11,0,0.0,Blue-Green,0,1200.0
Pacamara,Washed / Wet,84.42,0.12,2,0.0,,4,900.0
SL28,Washed / Wet,84.33,0.11,0,0.0,Green,4,1800.0
Caturra,,84.33,0.1,0,0.0,Green,3,1500.0
Catuai,Washed / Wet,84.33,0.11,0,1.0,Green,2,1500.0
Caturra,Natural / Dry,84.33,0.11,6,0.0,Green,0,442.0
Caturra,Washed / Wet,84.33,0.0,0,0.0,Green,0,1800.0
Typica,Washed / Wet,84.33,0.12,0,0.0,Blue-Green,1,1700.0
Yellow Bourbon,,84.33,0.0,0,0.0,,4,1275.0
,,84.33,0.02,0,0.0,,2,1050.0
,,84.33,0.0,0,0.0,,1,1493.52
,,84.33,0.04,1,0.0,,1,1386.84
Typica,Washed / Wet,84.25,0.12,0,0.0,Blue-Green,0,1000.0
Catimor,Natural / Dry,84.25,0.12,0,0.0,Green,0,1200.0
Caturra,Natural / Dry,84.25,0.11,0,0.0,Green,2,2560.0
Caturra,Washed / Wet,84.25,0.11,0,4.0,Green,4,1500.0
Caturra,Washed / Wet,84.25,0.1,0,0.0,Green,1,1099.4136
Catimor,Natural / Dry,84.25,0.1,0,0.0,Green,1,1400.0
Caturra,Washed / Wet,84.25,0.11,0,0.0,Green,3,1775.0
Caturra,Washed / Wet,84.25,0.12,4,0.0,Green,2,1775.0
Other,Washed / Wet,84.25,0.12,0,0.0,Green,0,1800.0
Caturra,Natural / Dry,84.25,0.12,3,0.0,Green,0,442.0
Other,Washed / Wet,84.25,0.12,0,0.0,Green,7,1620.0
Other,Washed / Wet,84.25,0.12,0,0.0,Green,2,1600.0
Bourbon,Other,84.25,0.1,0,0.0,Green,1,1219.2
Caturra,Washed / Wet,84.25,0.11,0,0.0,Green,2,1700.0
Typica,Semi-washed / Semi-pulped,84.25,0.12,0,0.0,Green,1,1450.0
Bourbon,Washed / Wet,84.25,0.12,0,0.0,Green,0,1170.0
Bourbon,Washed / Wet,84.25,0.1,0,0.0,Bluish-Green,4,1400.0
Other,Natural / Dry,84.25,0.13,4,0.0,Green,29,1700.0
Bourbon,Washed / Wet,84.17,0.13,0,0.0,Green,1,1700.0
Caturra,Washed / Wet,84.17,0.09,0,0.0,Bluish-Green,2,1700.0
Caturra,Washed / Wet,84.17,0.11,0,0.0,Green,6,1116.7872
Caturra,Washed / Wet,84.17,0.1,0,1.0,Green,10,1565.0
Caturra,Washed / Wet,84.17,0.0,0,0.0,Bluish-Green,0,1775.0
Caturra,Natural / Dry,84.17,0.12,0,0.0,Bluish-Green,0,1000.0
Catuai,Natural / Dry,84.17,0.0,0,0.0,,16,1150.0
Caturra,Washed / Wet,84.17,0.0,0,0.0,Blue-Green,0,1850.0
Gesha,Natural / Dry,84.17,0.1,0,0.0,Green,5,1606.5
Other,Washed / Wet,84.17,0.13,0,0.0,Green,0,1400.0
Other,Washed / Wet,84.17,0.12,0,0.0,Green,4,1530.0
SL28,Washed / Wet,84.17,0.08,0,0.0,Green,0,250.5
Mundo Novo,Natural / Dry,84.17,0.11,0,0.0,Green,3,1038.5
Bourbon,Washed / Wet,84.17,0.11,0,0.0,Green,4,1310.64
Bourbon,Natural / Dry,84.17,0.11,0,0.0,Bluish-Green,2,1500.0
Caturra,Washed / Wet,84.17,0.0,0,0.0,Green,2,1750.0
Other,Washed / Wet,84.17,0.11,0,0.0,Green,1,1600.0
Caturra,Washed / Wet,84.08,0.0,1,3.0,Green,3,442.0
Typica,Washed / Wet,84.08,0.1,0,0.0,Bluish-Green,4,968.0
Caturra,Washed / Wet,84.08,0.0,0,0.0,,2,1775.0
Bourbon,Washed / Wet,84.08,0.1,0,0.0,Bluish-Green,10,1550.0
Typica,Washed / Wet,84.08,0.11,1,0.0,Green,10,1480.0
Other,Natural / Dry,84.08,0.09,0,0.0,,15,1800.0
Gesha,Natural / Dry,84.0,0.11,3,11.0,Green,1,1800.0
Caturra,Washed / Wet,84.0,0.1,0,0.0,Green,5,1500.0
Caturra,Washed / Wet,84.0,0.12,0,0.0,Green,7,1706.88
Other,Washed / Wet,84.0,0.11,2,0.0,Green,7,1600.0
Bourbon,Natural / Dry,84.0,0.1,0,0.0,Green,1,1219.2
Bourbon,Other,84.0,0.1,0,0.0,Green,0,1219.2
,Washed / Wet,84.0,0.12,0,0.0,Green,0,1480.0
Caturra,Natural / Dry,84.0,0.12,0,0.0,Green,0,1450.0
Caturra,Washed / Wet,84.0,0.12,0,0.0,Green,3,1775.0
Other,Natural / Dry,84.0,0.09,4,0.0,Green,40,1550.0
Yellow Bourbon,Natural / Dry,84.0,0.1,0,0.0,Green,0,1260.0
Caturra,Washed / Wet,84.0,0.11,0,0.0,Green,1,1700.0
SL34,Washed / Wet,84.0,0.0,0,0.0,Green,2,1200.0
SL28,Washed / Wet,84.0,0.0,0,0.0,Bluish-Green,0,1650.0
Other,Washed / Wet,84.0,0.1,10,0.0,Green,26,1700.0
Bourbon,Natural / Dry,83.92,0.0,0,0.0,Green,3,890.0
Mundo Novo,Washed / Wet,83.92,0.11,0,0.0,Green,5,1300.0
Catimor,Natural / Dry,83.92,0.1,0,0.0,Bluish-Green,1,1350.0
Bourbon,Natural / Dry,83.92,0.11,0,2.0,Green,7,934.0
Typica,Washed / Wet,83.92,0.11,0,0.0,Green,3,1200.0
,,83.92,0.11,1,0.0,Green,2,442.0
Caturra,Washed / Wet,83.92,0.0,0,0.0,Green,1,1775.0
Typica,Washed / Wet,83.92,0.06,0,0.0,Green,0,950.0
Caturra,Natural / Dry,83.92,0.12,0,0.0,Green,3,1550.0
Typica,Washed / Wet,83.92,0.12,10,0.0,Blue-Green,32,900.0
Typica,Washed / Wet,83.92,0.11,0,0.0,,2,1500.0
Typica,Washed / Wet,83.92,0.0,0,0.0,Green,2,1400.0
Caturra,Washed / Wet,83.83,0.0,1,0.0,Green,6,2527.0
Caturra,Washed / Wet,83.83,0.0,0,0.0,Blue-Green,0,1850.0
Bourbon,Washed / Wet,83.83,0.11,0,7.0,Green,6,1500.0
,,83.83,0.0,0,0.0,,0,1200.0
Yellow Bourbon,Natural / Dry,83.83,0.0,0,0.0,Green,0,1.0
Typica,Washed / Wet,83.83,0.0,0,0.0,Green,1,525.0
,Natural / Dry,83.83,0.12,0,0.0,Green,4,1676.5
Bourbon,Semi-washed / Semi-pulped,83.83,0.0,0,0.0,Green,1,1200.0
Catuai,Washed / Wet,83.83,0.1,0,0.0,Green,3,1300.0
Bourbon,Washed / Wet,83.83,0.1,0,0.0,Green,1,1219.2
Yellow Bourbon,Natural / Dry,83.83,0.1,0,0.0,Green,0,1260.0
,Natural / Dry,83.83,0.09,0,0.0,Bluish-Green,0,800.0
Caturra,Washed / Wet,83.83,0.11,0,0.0,Green,1,1750.0
Bourbon,Washed / Wet,83.83,0.11,0,0.0,Green,3,1310.64
Bourbon,Natural / Dry,83.83,0.1,0,0.0,Green,2,1218.0
Pacas,Natural / Dry,83.83,0.11,0,0.0,,4,1300.0
Yellow Bourbon,Semi-washed / Semi-pulped,83.83,0.12,0,0.0,Green,3,1250.0
,,83.83,0.02,0,0.0,,2,1499.9208
SL28,Washed / Wet,83.75,0.11,0,0.0,Green,2,1800.0
Bourbon,Natural / Dry,83.75,0.11,0,0.0,Green,5,890.0
Caturra,Washed / Wet,83.75,0.11,0,0.0,Green,1,442.0
Typica,Natural / Dry,83.75,0.0,0,0.0,Green,0,750.0
Catimor,Washed / Wet,83.75,0.1,0,1.0,Green,2,1650.0
Caturra,Natural / Dry,83.75,0.0,0,0.0,Green,0,442.0
Bourbon,Natural / Dry,83.75,0.12,0,0.0,Green,0,1400.0
Other,Washed / Wet,83.75,0.12,0,0.0,Green,1,853.44
Caturra,Washed / Wet,83.75,0.0,0,0.0,Green,5,1775.0
Other,Washed / Wet,83.75,0.0,0,0.0,Green,3,1550.0
Caturra,Washed / Wet,83.75,0.0,0,0.0,Blue-Green,1,1750.0
Caturra,Washed / Wet,83.75,0.11,0,0.0,Green,3,1750.0
Caturra,Natural / Dry,83.75,0.13,5,0.0,,5,700.0
Caturra,Washed / Wet,83.75,0.11,0,0.0,Bluish-Green,1,1300.0
,,83.75,0.1,0,0.0,,1,1600.0
,,83.75,0.06,0,0.0,,1,1600.0
Bourbon,Natural / Dry,83.67,0.11,0,0.0,Green,2,890.0
SL28,Washed / Wet,83.67,0.11,0,0.0,Bluish-Green,0,1700.0
Caturra,Washed / Wet,83.67,0.1,0,0.0,Green,2,1400.0
Caturra,Washed / Wet,83.67,0.1,0,0.0,Green,3,1250.0
Bourbon,Natural / Dry,83.67,0.11,0,2.0,Green,3,934.0
Caturra,Natural / Dry,83.67,0.1,0,0.0,Bluish-Green,0,1200.0
,,83.67,0.11,0,0.0,Blue-Green,1,1350.0
,Washed / Wet,83.67,0.12,0,0.0,Bluish-Green,0,800.0
Caturra,Washed / Wet,83.67,0.11,0,0.0,,4,1625.0
Bourbon,Washed / Wet,83.67,0.1,0,0.0,Green,0,1356.6648
Caturra,Washed / Wet,83.67,0.0,0,0.0,Green,3,1750.0
Caturra,Washed / Wet,83.67,0.0,0,0.0,Green,1,1900.0
Bourbon,Washed / Wet,83.67,0.12,1,0.0,Green,3,1310.64
Bourbon,Washed / Wet,83.67,0.11,0,0.0,Green,2,1310.64
Caturra,Washed / Wet,83.67,0.11,0,0.0,Green,1,1750.0
Caturra,Natural / Dry,83.67,0.11,0,0.0,Green,1,1450.0
Bourbon,Washed / Wet,83.67,0.11,0,0.0,Green,13,1310.64
Typica,Washed / Wet,83.67,0.12,4,0.0,Green,11,1100.0
Typica,Washed / Wet,83.67,0.12,0,0.0,Green,0,1400.0
Caturra,Washed / Wet,83.67,0.1,0,0.0,Green,0,1524.0
Bourbon,Natural / Dry,83.58,0.11,0,0.0,Green,5,890.0
Caturra,Washed / Wet,83.58,0.11,0,1.0,Green,0,1128.3696
Catimor,Washed / Wet,83.58,0.1,0,1.0,Green,4,1100.0
Caturra,Washed / Wet,83.58,0.12,0,0.0,Green,3,1775.0
Caturra,Washed / Wet,83.58,0.12,1,0.0,Green,13,1200.0
Other,Washed / Wet,83.58,0.0,0,0.0,,7,1850.0
SL14,Washed / Wet,83.58,0.12,0,0.0,Green,5,1800.0
Caturra,Natural / Dry,83.58,0.0,0,0.0,Green,0,1600.0
Caturra,Washed / Wet,83.58,0.12,0,0.0,Green,1,1550.0
Caturra,Washed / Wet,83.58,0.0,0,0.0,,0,1550.0
Typica,Other,83.58,0.11,0,0.0,Green,0,1000.0
Caturra,Washed / Wet,83.58,0.11,0,0.0,Green,3,1775.0
Typica,Washed / Wet,83.58,0.12,0,0.0,,2,1000.0
Caturra,Natural / Dry,83.58,0.11,0,0.0,Green,4,2136.0
Catuai,Semi-washed / Semi-pulped,83.58,0.12,0,0.0,Blue-Green,2,1100.0
Caturra,Washed / Wet,83.5,0.0,0,0.0,Bluish-Green,5,1799.0
Caturra,Washed / Wet,83.5,0.0,0,0.0,Blue-Green,0,1850.0
Caturra,Natural / Dry,83.5,0.0,0,0.0,Green,0,1000.0
Bourbon,Washed / Wet,83.5,0.1,0,2.0,Bluish-Green,5,1219.2
Caturra,Washed / Wet,83.5,0.12,0,0.0,Green,4,1775.0
Ruiru 11,Washed / Wet,83.5,0.13,0,0.0,Green,21,1400.0
Sumatra,Semi-washed / Semi-pulped,83.5,0.13,0,0.0,Bluish-Green,8,1500.0
,Natural / Dry,83.5,0.1,1,0.0,,18,1600.0
Caturra,Washed / Wet,83.5,0.11,0,0.0,Green,0,1850.0
Caturra,Washed / Wet,83.5,0.1,0,0.0,Green,0,1400.0
Caturra,Washed / Wet,83.5,0.0,2,0.0,,0,1650.0
Caturra,Natural / Dry,83.5,0.1,0,0.0,Green,3,1350.0
Caturra,Washed / Wet,83.5,0.0,1,0.0,Green,1,1750.0
Caturra,Washed / Wet,83.5,0.11,0,,Green,2,1750.0
Bourbon,Natural / Dry,83.5,0.13,0,0.0,Green,14,1170.0
Typica,Semi-washed / Semi-pulped,83.5,0.11,0,0.0,Green,12,940.0
Pacamara,Washed / Wet,83.5,0.12,0,0.0,Green,0,1400.0
Caturra,Washed / Wet,83.5,0.1,0,0.0,Green,5,1524.0
Caturra,Washed / Wet,83.5,0.11,0,0.0,Green,0,1775.0
Bourbon,Washed / Wet,83.5,0.0,3,0.0,Green,12,1402.08
,,83.5,0.0,0,0.0,,0,1600.0
Caturra,Washed / Wet,83.42,0.0,0,2.0,Green,1,439.0
Bourbon,Washed / Wet,83.42,0.1,0,0.0,Green,3,1700.0
Caturra,Washed / Wet,83.42,0.11,0,0.0,Green,2,442.0
Caturra,Washed / Wet,83.42,0.09,0,0.0,Blue-Green,4,1850.0
SL14,Washed / Wet,83.42,0.11,0,0.0,Green,1,1800.0
Catimor,Washed / Wet,83.42,0.13,0,0.0,Bluish-Green,0,1200.0
Bourbon,Washed / Wet,83.42,0.11,0,0.0,,0,1330.0
Caturra,Natural / Dry,83.42,0.12,4,0.0,Green,0,442.0
Bourbon,Washed / Wet,83.42,0.13,0,0.0,Green,4,1600.0
Caturra,Washed / Wet,83.42,0.12,0,0.0,Green,1,1813.0
Bourbon,Natural / Dry,83.42,0.1,0,0.0,Green,1,1219.2
Caturra,Washed / Wet,83.42,0.1,0,0.0,Green,2,1500.0
Bourbon,Washed / Wet,83.42,0.11,0,0.0,Green,0,1310.64
Caturra,Washed / Wet,83.42,0.11,0,0.0,Green,2,1450.0
,,83.38,0.09,2,0.0,,4,1050.0
Caturra,Washed / Wet,83.33,0.0,0,1.0,,0,1650.0
Catuai,Semi-washed / Semi-pulped,83.33,0.1,1,0.0,Green,5,1227.0
Caturra,Washed / Wet,83.33,0.12,0,0.0,Green,2,1200.0
Caturra,Washed / Wet,83.33,0.11,0,0.0,Green,1,1650.0
Other,Semi-washed / Semi-pulped,83.33,0.12,0,0.0,Green,6,1700.0
Other,Washed / Wet,83.33,0.12,0,0.0,Green,0,1100.0
Caturra,Washed / Wet,83.33,0.12,0,0.0,Green,3,1300.0
Catuai,Washed / Wet,83.33,0.11,0,0.0,Green,3,1200.0
Typica,Washed / Wet,83.33,0.11,0,0.0,Green,4,1280.16
Caturra,Natural / Dry,83.33,0.11,0,0.0,Green,1,1000.0
Bourbon,Washed / Wet,83.33,0.11,0,0.0,Green,3,1310.64
Bourbon,Washed / Wet,83.33,0.0,0,0.0,,5,1880.0
Caturra,Washed / Wet,83.33,0.0,0,0.0,Green,1,1750.0
Typica,Washed / Wet,83.25,0.11,0,0.0,Blue-Green,0,1600.0
Catuai,Pulped natural / honey,83.25,0.11,0,0.0,Green,0,1900.0
Pacas,Washed / Wet,83.25,0.11,0,2.0,Green,7,2100.0
Caturra,Natural / Dry,83.25,0.0,0,0.0,Green,2,442.0
Typica,Natural / Dry,83.25,0.12,0,0.0,Bluish-Green,2,1261.0
Bourbon,Washed / Wet,83.25,0.1,0,0.0,Blue-Green,0,1000.0
Typica,Washed / Wet,83.25,0.1,0,0.0,Green,0,800.0
Caturra,Natural / Dry,83.25,0.0,0,0.0,Green,0,1483.0
Caturra,Washed / Wet,83.25,0.1,0,0.0,Green,1,1500.0
Caturra,Washed / Wet,83.25,0.11,0,0.0,Green,1,1750.0
Bourbon,Washed / Wet,83.25,0.12,0,0.0,Green,6,1300.0
Caturra,Washed / Wet,83.25,0.12,0,0.0,Blue-Green,0,1000.0
Bourbon,Washed / Wet,83.25,0.11,0,0.0,Green,9,1310.64
Yellow Bourbon,Semi-washed / Semi-pulped,83.25,0.11,0,0.0,Blue-Green,1,1200.0
Caturra,Washed / Wet,83.25,0.12,0,0.0,Green,1,175.0
Caturra,Washed / Wet,83.25,0.11,0,0.0,Green,0,1775.0
,,83.25,0.08,0,0.0,,0,1700.0
,,83.25,0.13,0,0.0,,1,1880.0
,,83.25,0.04,0,0.0,,1,1800.0
Bourbon,Natural / Dry,83.17,0.11,0,0.0,Green,4,890.0
Bourbon,Washed / Wet,83.17,0.1,0,0.0,Green,1,1901.0
Bourbon,Washed / Wet,83.17,0.12,0,0.0,Green,3,168.0
Catimor,Natural / Dry,83.17,0.07,0,0.0,,0,1550.0
Caturra,Washed / Wet,83.17,0.11,2,2.0,Green,3,1500.0
Catuai,Washed / Wet,83.17,0.11,0,1.0,Blue-Green,1,1450.0
Catimor,Washed / Wet,83.17,0.11,0,0.0,Green,0,1200.0
Catimor,Washed / Wet,83.17,0.1,0,0.0,Green,3,1600.0
Bourbon,Washed / Wet,83.17,0.0,0,0.0,Green,0,1350.0
Bourbon,Washed / Wet,83.17,0.11,0,0.0,Green,1,1500.0
Bourbon,Washed / Wet,83.17,0.12,0,0.0,Green,3,1650.0
SL28,Washed / Wet,83.17,0.1,0,0.0,Bluish-Green,1,250.5
,Washed / Wet,83.17,0.12,0,0.0,Bluish-Green,0,800.0
Other,Washed / Wet,83.17,0.13,0,0.0,Bluish-Green,6,1653.0
Caturra,Washed / Wet,83.17,0.0,0,0.0,,4,1775.0
SL14,Washed / Wet,83.17,0.1,0,0.0,Bluish-Green,0,1800.0
Catuai,Natural / Dry,83.17,0.1,0,0.0,Green,5,1450.0
Caturra,Natural / Dry,83.17,0.11,0,0.0,Green,3,1350.0
Catuai,Washed / Wet,83.17,0.09,0,0.0,Green,1,1524.0
Bourbon,Washed / Wet,83.17,0.12,0,0.0,Green,1,1800.0
Bourbon,Washed / Wet,83.17,0.11,0,0.0,Green,2,1310.64
Typica,Washed / Wet,83.17,0.11,0,0.0,Green,2,1500.0
Typica,Washed / Wet,83.17,0.12,3,0.0,,8,532.0
Pacamara,Washed / Wet,83.17,0.14,0,0.0,,10,1089.0
Caturra,Washed / Wet,83.17,0.11,1,0.0,Green,2,1775.0
Typica,Washed / Wet,83.17,0.13,0,0.0,Green,5,700.0
Caturra,Washed / Wet,83.17,0.11,0,0.0,Blue-Green,0,1750.0
Typica,Washed / Wet,83.17,0.11,0,0.0,,5,1380.0
Mundo Novo,Natural / Dry,83.17,0.12,0,0.0,Green,1,1000.0
Mundo Novo,Natural / Dry,83.17,0.11,0,0.0,Green,4,950.0
Bourbon,Washed / Wet,83.17,0.0,0,0.0,Green,10,1402.08
Mundo Novo,Semi-washed / Semi-pulped,83.17,0.12,0,0.0,Blue-Green,3,1000.0
,,83.17,0.02,0,0.0,,2,900.0
,,83.17,0.14,0,0.0,,3,1200.0
,,83.17,0.01,0,0.0,,0,1850.0
Caturra,Washed / Wet,83.08,0.0,0,1.0,Green,4,1799.0
Yellow Bourbon,Pulped natural / honey,83.08,0.11,0,2.0,Bluish-Green,2,905.0
Yellow Bourbon,Natural / Dry,83.08,0.0,0,0.0,Green,3,1.0
Typica,Natural / Dry,83.08,0.0,0,0.0,Green,0,750.0
Bourbon,Washed / Wet,83.08,0.0,0,0.0,Green,1,1200.0
Catuai,Washed / Wet,83.08,0.1,0,0.0,Green,3,1300.0
Typica,Other,83.08,0.11,0,0.0,,0,1300.0
Other,Washed / Wet,83.08,0.1,0,0.0,,1,1400.0
Caturra,,83.08,0.01,0,0.0,,0,1775.0
,,83.08,0.08,1,0.0,,3,1880.0
,,83.08,0.0,0,0.0,,0,1350.0
Bourbon,Natural / Dry,83.0,0.0,0,0.0,Green,4,890.0
Bourbon,Natural / Dry,83.0,0.11,0,3.0,Green,5,894.0
Bourbon,Natural / Dry,83.0,0.11,0,2.0,Bluish-Green,3,872.0
Bourbon,Washed / Wet,83.0,0.12,0,0.0,Green,6,1473.0
Bourbon,Natural / Dry,83.0,0.12,0,5.0,Green,8,1645.0
,,83.0,0.11,0,0.0,Green,4,442.0
Caturra,Other,83.0,0.0,0,0.0,Green,0,1550.0
Catuai,Washed / Wet,83.0,0.11,0,0.0,Green,3,1550.0
Catuai,Washed / Wet,83.0,0.11,0,0.0,Green,2,1371.6
Bourbon,Washed / Wet,83.0,0.11,0,0.0,Green,2,1500.0
Catuai,Natural / Dry,83.0,0.0,0,0.0,Green,0,1000.0
Typica,Washed / Wet,83.0,0.08,0,0.0,Green,0,1200.0
SL14,Washed / Wet,83.0,0.12,0,0.0,Green,0,1800.0
Other,Washed / Wet,83.0,0.0,0,0.0,Bluish-Green,0,853.44
Bourbon,Washed / Wet,83.0,0.1,1,0.0,Green,0,1500.0
Catuai,Washed / Wet,83.0,0.11,0,0.0,Green,3,1200.0
Yellow Bourbon,Semi-washed / Semi-pulped,83.0,0.12,0,0.0,Bluish-Green,4,1250.0
Caturra,Washed / Wet,83.0,0.11,1,0.0,Green,1,1775.0
Caturra,Washed / Wet,83.0,0.0,0,0.0,Green,0,1750.0
Caturra,Natural / Dry,83.0,0.11,0,0.0,Green,1,1000.0
Caturra,Natural / Dry,83.0,0.0,0,0.0,Green,2,1000.0
Caturra,Washed / Wet,83.0,0.11,1,0.0,Green,2,1775.0
Typica,Washed / Wet,83.0,0.11,0,0.0,Green,20,750.0
Typica,Semi-washed / Semi-pulped,83.0,0.11,0,0.0,Green,7,1200.0
Bourbon,Washed / Wet,83.0,0.11,5,0.0,Green,8,1200.0
Caturra,Washed / Wet,83.0,0.0,0,0.0,Green,4,1625.0
Caturra,Washed / Wet,83.0,0.11,0,0.0,Green,0,1750.0
Bourbon,Washed / Wet,83.0,0.1,0,0.0,Green,2,1371.6
Caturra,Washed / Wet,83.0,0.12,0,0.0,Bluish-Green,0,1775.0
,,83.0,0.08,0,0.0,,1,1450.0
,,83.0,0.06,0,0.0,,2,1800.0
Bourbon,Natural / Dry,82.92,0.0,0,0.0,Green,0,890.0
Bourbon,Washed / Wet,82.92,0.0,0,0.0,Green,1,1350.0
Caturra,Washed / Wet,82.92,0.11,0,0.0,Green,1,1500.0
Caturra,Natural / Dry,82.92,0.09,31,0.0,Green,0,350.0
Ethiopian Heirlooms,Washed / Wet,82.92,0.0,1,0.0,Bluish-Green,20,2000.0
Typica,Natural / Dry,82.92,0.0,0,0.0,Green,9,775.0
Other,Washed / Wet,82.92,0.11,0,0.0,Blue-Green,1,1200.0
Other,Washed / Wet,82.92,0.0,0,0.0,Bluish-Green,0,1600.0
Typica,Natural / Dry,82.92,0.13,0,0.0,Blue-Green,3,1059.0
Bourbon,Washed / Wet,82.92,0.12,2,0.0,Bluish-Green,8,1300.0
SL14,Washed / Wet,82.92,0.12,0,0.0,Green,0,1650.0
SL14,Washed / Wet,82.92,0.12,0,0.0,Green,4,1400.0
Bourbon,Washed / Wet,82.92,0.1,0,0.0,Green,1,1500.0
Caturra,Natural / Dry,82.92,0.1,0,0.0,Green,2,1500.0
Caturra,Washed / Wet,82.92,0.11,0,0.0,Green,2,1900.0
Caturra,Natural / Dry,82.92,0.0,0,0.0,Bluish-Green,0,1750.0
Bourbon,Washed / Wet,82.92,0.11,0,0.0,Green,2,1706.88
Other,Washed / Wet,82.92,0.11,3,0.0,Green,5,1450.0
Typica,Natural / Dry,82.92,0.1,0,0.0,Green,4,1248.0
Other,Natural / Dry,82.92,0.0,0,0.0,,17,1040.0
Typica,Washed / Wet,82.92,0.14,1,0.0,Green,4,1400.0
,,82.92,0.15,0,0.0,,0,1450.0
SL28,Washed / Wet,82.83,0.1,0,0.0,Green,3,1754.0
Bourbon,Washed / Wet,82.83,0.11,1,1.0,Green,2,1700.0
Yellow Bourbon,Pulped natural / honey,82.83,0.11,0,2.0,Bluish-Green,2,905.0
Pacas,Washed / Wet,82.83,0.0,0,0.0,Green,4,1250.0
Bourbon,Washed / Wet,82.83,0.11,0,0.0,Bluish-Green,0,1900.0
Other,Other,82.83,0.11,11,0.0,Green,0,1040.0
Bourbon,Washed / Wet,82.83,0.11,0,0.0,Green,2,1219.2
Catuai,Natural / Dry,82.83,0.12,2,0.0,Green,6,900.0
Other,Washed / Wet,82.83,0.0,0,0.0,,1,1600.0
Other,Other,82.83,0.0,0,0.0,,9,1200.0
Bourbon,Washed / Wet,82.83,0.1,0,0.0,Green,4,1500.0
Typica,Natural / Dry,82.83,0.0,4,0.0,Green,4,1800.0
Caturra,Washed / Wet,82.83,0.11,0,0.0,Green,3,1775.0
Arusha,Washed / Wet,82.83,0.11,0,0.0,Green,5,1400.0
Caturra,Washed / Wet,82.83,0.12,2,0.0,Green,10,1550.0
Bourbon,Washed / Wet,82.83,0.12,0,0.0,Blue-Green,7,1250.0
Bourbon,Washed / Wet,82.83,0.11,0,0.0,Green,10,1310.64
Typica,Washed / Wet,82.83,0.11,0,0.0,,2,1380.0
,,82.83,0.0,1,0.0,,3,1200.0
Caturra,Washed / Wet,82.75,0.1,0,1.0,Green,3,1100.0
Caturra,Washed / Wet,82.75,0.11,0,0.0,Green,8,1800.0
Bourbon,Washed / Wet,82.75,0.11,0,0.0,Green,4,1700.0
Bourbon,Washed / Wet,82.75,0.1,0,0.0,Green,1,1219.2
Bourbon,Washed / Wet,82.75,0.1,0,0.0,Green,1,1219.2
Sulawesi,Other,82.75,0.12,0,0.0,Blue-Green,15,1500.0
Bourbon,Washed / Wet,82.75,0.12,0,0.0,Green,0,157.8864
Yellow Bourbon,Natural / Dry,82.75,0.0,0,0.0,Green,0,650.0
Bourbon,Washed / Wet,82.75,0.0,0,0.0,,4,1250.0
Caturra,Washed / Wet,82.75,0.09,0,0.0,Bluish-Green,1,1850.0
Caturra,Natural / Dry,82.75,0.09,0,1.0,Green,6,1400.0
Yellow Bourbon,Pulped natural / honey,82.75,0.11,0,2.0,Bluish-Green,1,905.0
Catimor,Natural / Dry,82.75,0.1,0,0.0,Green,0,1100.0
Catimor,Washed / Wet,82.75,0.11,0,0.0,Green,2,1500.0
Caturra,Washed / Wet,82.75,0.0,0,0.0,Blue-Green,2,1775.0
Gesha,Washed / Wet,82.75,0.12,0,0.0,Bluish-Green,0,1442.0
Pacas,Washed / Wet,82.75,0.13,0,0.0,Green,2,1524.0
Typica,Washed / Wet,82.75,0.12,0,0.0,Green,0,165.0
Caturra,Washed / Wet,82.75,0.1,0,0.0,Green,2,1300.0
Typica,Washed / Wet,82.75,0.12,0,0.0,Green,6,1550.0
Typica,Washed / Wet,82.75,0.12,0,0.0,,0,1200.0
Typica,Natural / Dry,82.75,0.12,1,0.0,,4,1200.0
Caturra,Washed / Wet,82.75,0.0,0,0.0,Blue-Green,0,1625.0
Caturra,Washed / Wet,82.75,0.11,0,0.0,Green,3,1775.0
Catuai,Washed / Wet,82.75,0.0,0,0.0,Green,4,1100.0
Bourbon,Natural / Dry,82.67,0.0,0,0.0,Green,4,890.0
Bourbon,Natural / Dry,82.67,0.11,0,2.0,Bluish-Green,3,934.0
Catimor,Washed / Wet,82.67,0.13,0,0.0,Bluish-Green,0,1300.0
Pacas,Washed / Wet,82.67,0.0,0,0.0,Green,7,1200.0
,,82.67,0.11,0,2.0,Green,3,1300.0
Yellow Bourbon,Natural / Dry,82.67,0.0,0,0.0,Green,0,1.0
Other,Washed / Wet,82.67,0.12,0,0.0,Green,0,1700.0
Bourbon,Washed / Wet,82.67,0.12,0,0.0,Green,4,1550.0
Typica,Washed / Wet,82.67,0.08,0,0.0,Green,0,1200.0
Typica,Natural / Dry,82.67,0.11,0,0.0,Green,0,1296.0
SL14,Washed / Wet,82.67,0.12,0,0.0,Green,0,1650.0
Typica,Washed / Wet,82.67,0.11,0,0.0,Green,0,1240.0
Caturra,Washed / Wet,82.67,0.11,0,0.0,Bluish-Green,0,1500.0
Caturra,Washed / Wet,82.67,0.11,0,0.0,Bluish-Green,3,1800.0
Caturra,Washed / Wet,82.67,0.11,0,0.0,Green,0,1500.0
Other,Washed / Wet,82.67,0.11,0,0.0,,2,1100.0
Typica,Washed / Wet,82.67,0.12,0,0.0,,0,950.0
Blue Mountain,,82.67,0.0,0,0.0,,1,1400.0
,,82.67,0.08,0,0.0,,3,1800.0
Bourbon,Washed / Wet,82.58,0.1,0,1.0,Green,2,1219.2
Typica,Pulped natural / honey,82.58,0.11,0,5.0,Green,0,1050.0
,,82.58,0.11,0,0.0,Blue-Green,0,200.0
Typica,Semi-washed / Semi-pulped,82.58,0.13,0,0.0,Blue-Green,6,1250.0
,Washed / Wet,82.58,0.12,0,0.0,Green,0,800.0
Caturra,Washed / Wet,82.58,0.12,0,0.0,Blue-Green,1,1450.0
Other,Washed / Wet,82.58,0.12,0,0.0,,1,1317.0
SL14,Natural / Dry,82.58,0.12,0,0.0,Green,0,1650.0
Catuai,Washed / Wet,82.58,0.11,0,0.0,Green,3,1300.0
Caturra,Washed / Wet,82.58,0.11,0,0.0,Blue-Green,3,1750.0
Caturra,Washed / Wet,82.58,0.11,0,0.0,,3,1750.0
Caturra,Washed / Wet,82.58,0.11,0,0.0,Green,0,1750.0
Typica,Washed / Wet,82.58,0.1,0,0.0,Green,6,1250.0
Typica,Washed / Wet,82.58,0.12,0,0.0,Green,0,1150.0
Caturra,Washed / Wet,82.58,0.11,2,0.0,Green,2,1775.0
Mundo Novo,,82.58,0.0,0,0.0,,4,975.0
Bourbon,Natural / Dry,82.5,0.11,0,0.0,Green,4,890.0
Other,Washed / Wet,82.5,0.11,0,0.0,Green,5,1250.0
Caturra,Washed / Wet,82.5,0.1,0,0.0,Green,4,1400.0
Bourbon,Washed / Wet,82.5,0.1,0,2.0,Green,2,1219.2
,Washed / Wet,82.5,0.12,0,0.0,Green,0,800.0
Caturra,Washed / Wet,82.5,0.11,0,0.0,,0,1450.0
Other,Washed / Wet,82.5,0.12,0,0.0,Green,1,1600.0
Other,Washed / Wet,82.5,0.0,0,0.0,Green,1,1600.0
Yellow Bourbon,Semi-washed / Semi-pulped,82.5,0.11,0,0.0,Bluish-Green,0,1260.0
Bourbon,Washed / Wet,82.5,0.12,0,0.0,Green,4,1310.64
Caturra,Washed / Wet,82.5,0.11,0,0.0,Green,1,1750.0
Bourbon,Washed / Wet,82.5,0.11,0,0.0,Green,0,1310.64
Typica,Washed / Wet,82.5,0.13,0,0.0,,10,1679.0
Typica,Washed / Wet,82.5,0.12,0,0.0,Green,5,1100.0
Typica,Semi-washed / Semi-pulped,82.5,0.11,0,0.0,,2,1650.0
Bourbon,Semi-washed / Semi-pulped,82.5,0.0,0,0.0,Blue-Green,4,1250.0
Caturra,Washed / Wet,82.5,0.11,1,0.0,Green,3,1775.0
,,82.5,0.01,1,0.0,,14,1600.0
Other,Washed / Wet,82.42,0.12,0,1.0,Green,6,1500.0
Bourbon,Washed / Wet,82.42,0.1,0,1.0,Green,2,1700.0
Bourbon,Washed / Wet,82.42,0.12,0,0.0,Green,0,1700.0
Bourbon,Washed / Wet,82.42,0.12,0,0.0,Green,0,157.8864
Caturra,Washed / Wet,82.42,0.11,0,0.0,Green,1,1600.0
Catimor,Washed / Wet,82.42,0.1,0,0.0,Green,0,1600.0
Ruiru 11,Washed / Wet,82.42,0.13,0,0.0,Green,7,2285.0
Yellow Bourbon,Natural / Dry,82.42,0.0,0,0.0,Green,0,1.0
Caturra,Washed / Wet,82.42,0.1,0,0.0,Green,0,1400.0
Typica,Washed / Wet,82.42,0.11,0,0.0,Green,0,1296.0
Catuai,Semi-washed / Semi-pulped,82.42,0.12,0,0.0,Blue-Green,1,1000.0
Yellow Bourbon,Natural / Dry,82.42,0.0,0,0.0,Green,0,1260.0
Bourbon,Washed / Wet,82.42,0.12,0,0.0,Green,0,1170.0
Caturra,Washed / Wet,82.42,0.11,0,0.0,Green,9,1775.0
Typica,Washed / Wet,82.42,0.12,0,0.0,Green,5,1560.0
Typica,Semi-washed / Semi-pulped,82.42,0.13,0,0.0,Green,2,1400.0
Typica,Washed / Wet,82.42,0.14,0,0.0,Green,9,1300.0
Caturra,Washed / Wet,82.42,0.13,0,0.0,Green,1,1170.0
Typica,Washed / Wet,82.42,0.11,0,0.0,Green,0,1300.0
Pacamara,Washed / Wet,82.42,0.14,0,0.0,Green,6,1350.0
Caturra,Washed / Wet,82.42,0.11,0,0.0,Green,0,1150.0
Bourbon,Washed / Wet,82.42,0.13,0,0.0,,4,1250.0
Typica,Washed / Wet,82.42,0.12,0,0.0,Bluish-Green,0,1450.0
Caturra,Natural / Dry,82.42,0.0,0,0.0,,2,442.0
Caturra,Washed / Wet,82.42,0.0,0,0.0,Green,2,1750.0
,,82.42,0.02,0,0.0,,1,1750.0
Caturra,Washed / Wet,82.33,0.1,0,1.0,Green,8,1396.0
Catuai,Natural / Dry,82.33,0.11,0,3.0,Green,11,982.0
Bourbon,Natural / Dry,82.33,0.11,0,2.0,Bluish-Green,3,934.0
Caturra,Washed / Wet,82.33,0.1,6,1.0,Bluish-Green,3,1850.0
Catuai,Washed / Wet,82.33,0.0,0,2.0,Green,0,1550.0
Catimor,Pulped natural / honey,82.33,0.12,0,6.0,Green,2,1580.0
Bourbon,Natural / Dry,82.33,0.07,0,0.0,Green,0,1268.0
Bourbon,Washed / Wet,82.33,0.1,0,0.0,Green,6,1676.4
Gesha,Washed / Wet,82.33,0.12,0,0.0,Green,0,1450.0
Bourbon,Natural / Dry,82.33,0.11,0,0.0,Blue-Green,0,1100.0
Pacas,Washed / Wet,82.33,0.12,0,0.0,Green,3,1524.0
Caturra,Washed / Wet,82.33,0.1,0,0.0,Green,2,1300.0
Typica,Semi-washed / Semi-pulped,82.33,0.11,0,0.0,Green,0,200.0
Typica,Washed / Wet,82.33,0.11,0,0.0,Green,0,600.0
Bourbon,Washed / Wet,82.33,0.12,2,0.0,Green,1,1310.64
Caturra,Washed / Wet,82.33,0.0,0,0.0,Green,1,1750.0
Typica,Washed / Wet,82.33,0.12,0,0.0,Green,3,1300.0
Bourbon,Washed / Wet,82.33,0.11,0,0.0,Green,3,1752.6
Typica,Natural / Dry,82.33,0.15,1,0.0,,8,441.0
Bourbon,Washed / Wet,82.33,0.13,0,0.0,Green,9,1170.0
Bourbon,Washed / Wet,82.33,0.1,2,0.0,Green,5,1310.64
Mundo Novo,Natural / Dry,82.33,0.12,0,0.0,Green,2,1100.0
Typica,Washed / Wet,82.33,0.11,0,0.0,Green,0,1300.0
Mundo Novo,Washed / Wet,82.33,0.11,0,0.0,Green,2,950.0
Caturra,Natural / Dry,82.33,0.0,0,0.0,Green,0,442.0
Catuai,Washed / Wet,82.25,0.09,2,6.0,Green,10,1100.0
Pacas,Washed / Wet,82.25,0.11,0,2.0,Green,2,1450.0
Yellow Bourbon,Natural / Dry,82.25,0.0,0,0.0,Green,9,1.0
Bourbon,Washed / Wet,82.25,0.12,0,0.0,Green,0,1500.0
Catuai,Washed / Wet,82.25,0.11,0,0.0,Green,2,1350.0
Gesha,Washed / Wet,82.25,0.13,0,0.0,Blue-Green,0,1180.0
Bourbon,Natural / Dry,82.25,0.11,0,0.0,Green,0,1100.0
Typica,Washed / Wet,82.25,0.11,0,0.0,Green,0,650.0
Mundo Novo,Washed / Wet,82.25,0.12,0,0.0,Blue-Green,4,1338.0
Bourbon,Washed / Wet,82.25,0.16,3,0.0,,8,533.0
Bourbon,Washed / Wet,82.25,0.11,0,0.0,Green,2,1390.8024
Bourbon,Washed / Wet,82.25,0.13,0,0.0,Green,3,1170.0
Typica,Washed / Wet,82.25,0.12,0,0.0,Green,13,1250.0
Typica,Washed / Wet,82.25,0.11,0,0.0,Green,0,1100.0
Typica,Washed / Wet,82.25,0.1,0,0.0,Green,3,900.0
Caturra,Washed / Wet,82.25,0.12,0,0.0,Green,1,1750.0
Caturra,Washed / Wet,82.25,0.11,0,0.0,Green,0,1775.0
Bourbon,Natural / Dry,82.17,0.11,0,1.0,Green,5,934.0
Caturra,Washed / Wet,82.17,0.11,0,1.0,Bluish-Green,2,1500.0
,,82.17,0.1,0,0.0,Green,1,1000.0
Bourbon,Washed / Wet,82.17,0.13,1,0.0,Green,6,1650.0
Other,Washed / Wet,82.17,0.12,0,0.0,Green,1,1600.0
Yellow Bourbon,Natural / Dry,82.17,0.0,0,0.0,Green,1,1.0
,Washed / Wet,82.17,0.12,0,0.0,Bluish-Green,0,800.0
Catuai,Washed / Wet,82.17,0.11,0,0.0,Green,2,1350.0
Bourbon,Washed / Wet,82.17,0.09,0,0.0,Blue-Green,4,1500.0
Other,Washed / Wet,82.17,0.12,0,0.0,Green,1,1700.0
Other,Washed / Wet,82.17,0.12,0,0.0,Green,0,1100.0
Other,Washed / Wet,82.17,0.1,1,0.0,,1,1400.0
Typica,Other,82.17,0.11,0,0.0,Green,0,1200.0
Typica,Washed / Wet,82.17,0.0,0,0.0,Green,0,800.0
Caturra,Washed / Wet,82.17,0.0,0,0.0,Bluish-Green,1,1750.0
Typica,Washed / Wet,82.17,0.15,1,0.0,,9,1144.0
Caturra,Washed / Wet,82.17,0.12,0,0.0,,2,1350.0
Typica,Washed / Wet,82.17,0.12,0,0.0,Green,4,1000.0
Typica,Washed / Wet,82.17,0.1,0,0.0,Green,1,1200.0
,,82.17,0.08,0,0.0,,0,1800.0
Bourbon,Washed / Wet,82.08,0.15,0,0.0,,3,1300.0
Bourbon,Natural / Dry,82.08,0.11,0,1.0,Green,3,894.0
Yellow Bourbon,Natural / Dry,82.08,0.0,0,0.0,Green,1,1.0
Caturra,Washed / Wet,82.08,0.0,0,0.0,Blue-Green,0,1300.0
Bourbon,Washed / Wet,82.08,0.12,0,0.0,Green,5,1500.0
Other,Washed / Wet,82.08,0.12,0,0.0,Green,3,1600.0
Caturra,Washed / Wet,82.08,0.11,0,0.0,Green,2,13.0
Typica,Washed / Wet,82.08,0.13,0,0.0,Green,7,1300.0
Typica,Washed / Wet,82.08,0.13,3,0.0,Green,13,1800.0
Typica,Washed / Wet,82.08,0.11,0,0.0,Green,11,1250.0
Other,Natural / Dry,82.08,0.12,0,0.0,Green,2,1040.0
Typica,Washed / Wet,82.08,0.11,0,0.0,Green,1,1250.0
,,82.08,0.08,1,0.0,,5,1600.0
Caturra,Washed / Wet,82.0,0.12,0,0.0,Green,1,1600.0
Caturra,Natural / Dry,82.0,0.1,0,1.0,Green,7,1600.0
Bourbon,Natural / Dry,82.0,0.11,0,2.0,Green,3,944.0
Other,Washed / Wet,82.0,0.13,0,0.0,Green,20,1650.0
Other,Washed / Wet,82.0,0.12,0,0.0,Blue-Green,0,1250.0
Other,Washed / Wet,82.0,0.12,0,0.0,Green,3,1350.0
Gesha,Washed / Wet,82.0,0.13,0,0.0,Bluish-Green,1,2500.0
Typica,Washed / Wet,82.0,0.09,0,0.0,Green,0,600.0
,Washed / Wet,82.0,0.11,0,0.0,Green,0,800.0
Catuai,Washed / Wet,82.0,0.1,0,0.0,Green,4,1300.0
Caturra,Washed / Wet,82.0,0.11,0,0.0,Green,5,1400.0
Caturra,Washed / Wet,82.0,0.11,0,0.0,Green,1,1900.0
Typica,Washed / Wet,82.0,0.12,0,0.0,Bluish-Green,0,650.0
Mundo Novo,Natural / Dry,82.0,0.11,0,0.0,Blue-Green,0,1038.5
Typica,Washed / Wet,82.0,0.12,0,0.0,Green,1,940.0
Mundo Novo,Natural / Dry,82.0,0.12,0,0.0,Green,1,1000.0
Catuai,Semi-washed / Semi-pulped,82.0,0.11,0,0.0,Blue-Green,1,1050.0
Mundo Novo,Semi-washed / Semi-pulped,82.0,0.12,0,0.0,Green,2,950.0
Bourbon,Washed / Wet,82.0,0.0,0,0.0,Green,10,1402.08
Caturra,,82.0,0.07,0,0.0,,2,1775.0
Bourbon,Washed / Wet,81.92,0.1,0,0.0,Green,1,1901.0
Bourbon,Washed / Wet,81.92,0.11,0,2.0,Green,0,1219.2
Caturra,Washed / Wet,81.92,0.12,0,0.0,Green,1,1400.0
Catuai,Natural / Dry,81.92,0.11,0,0.0,Green,4,1020.0
Bourbon,Washed / Wet,81.92,0.11,0,0.0,Green,2,1250.0
Catuai,Washed / Wet,81.92,0.11,0,0.0,Green,7,1550.0
Other,Washed / Wet,81.92,0.12,0,0.0,Green,4,1877.0
SL28,Washed / Wet,81.92,0.0,1,0.0,,3,1250.0
Typica,Other,81.92,0.11,0,0.0,Green,0,1000.0
Bourbon,Washed / Wet,81.92,0.12,0,0.0,Green,6,1300.0
Typica,Semi-washed / Semi-pulped,81.92,0.13,2,0.0,,7,981.0
Mundo Novo,Washed / Wet,81.92,0.14,2,0.0,,8,690.0
Other,Washed / Wet,81.92,0.12,0,0.0,Green,4,1650.0
Bourbon,Washed / Wet,81.92,0.12,0,0.0,Green,0,1000.0
Mundo Novo,Natural / Dry,81.92,0.12,0,0.0,Green,3,1100.0
,,81.92,0.09,0,0.0,,1,1600.0
Bourbon,Washed / Wet,81.83,0.1,1,0.0,Green,1,157.8864
Catuai,Pulped natural / honey,81.83,0.0,1,0.0,Green,4,1900.0
Mundo Novo,Natural / Dry,81.83,0.11,0,1.0,Green,3,973.0
Other,Other,81.83,0.11,0,1.0,Green,0,1250.0
Yellow Bourbon,Natural / Dry,81.83,0.0,0,0.0,Green,1,1.0
Yellow Bourbon,Natural / Dry,81.83,0.0,0,0.0,Green,0,1.0
Catuai,Washed / Wet,81.83,0.11,0,0.0,Green,7,1425.0
Catuai,Washed / Wet,81.83,0.12,0,0.0,Green,1,1400.0
Caturra,Washed / Wet,81.83,0.09,0,0.0,Green,0,1300.0
Typica,Washed / Wet,81.83,0.0,0,0.0,Green,0,700.0
Typica,Other,81.83,0.11,2,0.0,,6,1300.0
Gesha,Washed / Wet,81.83,0.13,0,0.0,Green,0,1556.0
Bourbon,Natural / Dry,81.83,0.11,0,0.0,Green,0,1100.0
Caturra,Natural / Dry,81.83,0.1,0,0.0,Green,4,1350.0
Typica,Washed / Wet,81.83,0.11,0,0.0,Green,0,1550.0
Caturra,Washed / Wet,81.83,0.0,2,0.0,Bluish-Green,0,1775.0
Bourbon,Semi-washed / Semi-pulped,81.83,0.12,0,0.0,Bluish-Green,0,1250.0
Bourbon,Washed / Wet,81.83,0.11,0,0.0,Green,1,1310.64
Bourbon,Washed / Wet,81.83,0.12,0,0.0,Green,2,1500.0
Typica,Semi-washed / Semi-pulped,81.83,0.12,0,0.0,Green,10,1250.0
Mundo Novo,,81.83,0.02,0,0.0,,2,925.0
,,81.83,0.05,0,0.0,,0,1700.0
Bourbon,Washed / Wet,81.75,0.11,0,1.0,Green,1,1700.0
Caturra,Washed / Wet,81.75,0.12,0,0.0,Bluish-Green,0,1040.0
Other,Washed / Wet,81.75,0.12,0,0.0,Bluish-Green,4,1600.0
Bourbon,Washed / Wet,81.75,0.13,2,0.0,,9,774.0
Mundo Novo,Washed / Wet,81.75,0.13,0,0.0,Green,23,1250.0
Typica,Washed / Wet,81.75,0.11,0,0.0,Green,1,1100.0
Caturra,Washed / Wet,81.75,0.12,10,0.0,Green,14,1550.0
Typica,Washed / Wet,81.75,0.12,0,0.0,,1,1650.0
Caturra,Washed / Wet,81.75,0.0,0,0.0,Green,1,1750.0
,,81.75,0.08,0,0.0,,0,1775.0
Bourbon,Natural / Dry,81.67,0.11,0,0.0,Green,5,890.0
Bourbon,Washed / Wet,81.67,0.1,0,0.0,Green,1,1700.0
Bourbon,Washed / Wet,81.67,0.12,0,1.0,Green,3,1219.2
Catuai,Washed / Wet,81.67,0.11,0,0.0,Blue-Green,2,1450.0
,,81.67,0.0,0,0.0,Green,1,1800.0
Yellow Bourbon,Natural / Dry,81.67,0.0,0,0.0,Green,0,1.0
Other,Washed / Wet,81.67,0.12,0,0.0,Green,0,1500.0
Other,Washed / Wet,81.67,0.12,0,0.0,Green,7,1700.0
Bourbon,Washed / Wet,81.67,0.1,0,0.0,Green,2,1260.0
Caturra,Natural / Dry,81.67,0.1,0,0.0,Green,5,1400.0
Caturra,Washed / Wet,81.67,0.11,0,0.0,Green,3,1850.0
Typica,Semi-washed / Semi-pulped,81.67,0.11,0,0.0,Green,0,150.0
Typica,Washed / Wet,81.67,0.11,0,0.0,Green,0,750.0
Typica,Washed / Wet,81.67,0.12,0,0.0,Green,6,1400.0
Bourbon,Washed / Wet,81.67,0.11,0,0.0,Green,4,1752.6
Typica,Washed / Wet,81.67,0.13,1,0.0,Green,13,1650.0
Bourbon,Washed / Wet,81.67,0.11,0,0.0,Green,4,1400.0
Bourbon,Washed / Wet,81.67,0.11,0,0.0,Green,2,1200.0
Bourbon,Washed / Wet,81.67,0.11,0,0.0,Green,2,1400.0
Caturra,Semi-washed / Semi-pulped,81.67,0.11,0,0.0,Green,4,940.0
Catimor,Washed / Wet,81.58,0.11,0,1.0,Blue-Green,3,1200.0
Typica,Washed / Wet,81.58,0.1,0,0.0,Blue-Green,0,800.0
Caturra,Washed / Wet,81.58,0.12,0,0.0,Green,1,13.0
Other,Washed / Wet,81.58,0.12,0,0.0,Green,5,1800.0
Gesha,Washed / Wet,81.58,0.13,0,0.0,Green,0,1100.0
Typica,Semi-washed / Semi-pulped,81.58,0.0,0,0.0,,0,850.0
Yellow Bourbon,Washed / Wet,81.58,0.12,0,0.0,Blue-Green,3,1260.0
Bourbon,Washed / Wet,81.58,0.12,0,0.0,Green,1,1310.64
Typica,Washed / Wet,81.58,0.12,0,0.0,Green,9,1400.0
Marigojipe,Natural / Dry,81.58,0.11,0,0.0,,0,1600.0
Typica,Natural / Dry,81.58,0.11,0,0.0,,2,1650.0
,,81.58,0.01,0,0.0,,0,1499.9208
,,81.58,0.0,0,0.0,,1,1600.2
Bourbon,Washed / Wet,81.5,0.1,0,0.0,Green,0,1219.2
Caturra,Other,81.5,0.11,0,0.0,Green,3,1100.0
Caturra,Washed / Wet,81.5,0.1,0,0.0,Green,5,1400.0
Typica,Natural / Dry,81.5,0.12,0,0.0,Green,2,180.0
Catuai,Washed / Wet,81.5,0.0,0,0.0,Green,4,1219.2
Caturra,Washed / Wet,81.5,0.12,1,0.0,Green,2,1200.0
Gesha,Washed / Wet,81.5,0.12,0,0.0,Green,0,1599.0
Other,Washed / Wet,81.5,0.12,0,0.0,Green,0,1219.2
Typica,Washed / Wet,81.5,0.11,0,0.0,Blue-Green,0,900.0
Yellow Bourbon,Semi-washed / Semi-pulped,81.5,0.0,1,0.0,Green,1,1200.0
Blue Mountain,Washed / Wet,81.5,0.11,0,0.0,Bluish-Green,0,825.0
Typica,Other,81.5,0.11,0,0.0,Green,0,600.0
Typica,Washed / Wet,81.5,0.13,0,0.0,Green,2,1150.0
Typica,Washed / Wet,81.5,0.12,0,0.0,Green,5,1600.0
Catuai,Washed / Wet,81.5,0.12,0,0.0,Green,10,1100.0
Typica,Semi-washed / Semi-pulped,81.5,0.11,0,0.0,Green,6,1000.0
Bourbon,Washed / Wet,81.5,0.13,0,0.0,Green,5,1250.0
Typica,Natural / Dry,81.5,0.11,0,0.0,Green,3,1100.0
Other,Washed / Wet,81.5,0.12,0,0.0,Green,0,1400.0
Bourbon,Semi-washed / Semi-pulped,81.5,0.12,0,0.0,Blue-Green,2,125.0
,,81.5,0.06,1,0.0,,0,1450.0
Mundo Novo,Washed / Wet,81.42,0.12,1,5.0,Green,17,1100.0
Catuai,Washed / Wet,81.42,0.1,0,0.0,Green,0,1371.6
Catuai,Natural / Dry,81.42,0.11,0,0.0,Green,2,1100.0
Catuai,Washed / Wet,81.42,0.12,0,0.0,Green,1,1400.0
Typica,Washed / Wet,81.42,0.12,0,0.0,Green,0,110.0
Gesha,Washed / Wet,81.42,0.12,0,0.0,Bluish-Green,0,1422.0
Bourbon,Natural / Dry,81.42,0.0,0,0.0,Green,0,1100.0
Bourbon,Washed / Wet,81.42,0.1,0,0.0,Green,6,1550.0
Typica,Washed / Wet,81.42,0.0,1,0.0,Green,1,1550.0
Bourbon,Washed / Wet,81.42,0.12,0,0.0,Green,4,1310.64
Caturra,Washed / Wet,81.42,0.13,1,0.0,,8,763.0
Typica,Washed / Wet,81.42,0.13,0,0.0,,1,1100.0
Caturra,Natural / Dry,81.42,0.11,0,0.0,Green,0,1750.0
,,81.42,0.16,0,0.0,,2,1880.0
Caturra,Washed / Wet,81.33,0.11,0,2.0,Bluish-Green,3,1500.0
,,81.33,0.12,0,2.0,Green,0,1130.0
Catuai,Natural / Dry,81.33,0.11,0,0.0,Green,14,1100.0
Catuai,Washed / Wet,81.33,0.09,0,0.0,Green,4,1350.0
Yellow Bourbon,Other,81.33,0.12,0,0.0,Green,6,1200.0
Other,Washed / Wet,81.33,0.14,0,0.0,Green,3,1400.0
Gesha,Washed / Wet,81.33,0.13,0,0.0,Green,1,1200.0
Catuai,Washed / Wet,81.33,0.12,0,0.0,Green,3,1450.0
Typica,Washed / Wet,81.33,0.13,4,0.0,Green,13,1800.0
Typica,Washed / Wet,81.33,0.12,0,0.0,,4,1000.0
Catuai,Natural / Dry,81.33,0.11,0,0.0,Green,0,1100.0
Typica,Natural / Dry,81.25,0.12,0,0.0,Green,0,680.0
Yellow Bourbon,Natural / Dry,81.25,0.0,0,0.0,Green,1,1.0
Catuai,Washed / Wet,81.25,0.1,0,0.0,Green,4,1100.0
Catuai,Washed / Wet,81.25,0.12,0,0.0,Green,1,1400.0
Pacamara,Washed / Wet,81.25,0.09,0,0.0,Bluish-Green,2,1700.0
Other,Washed / Wet,81.25,0.13,0,0.0,Green,5,1700.0
Typica,Semi-washed / Semi-pulped,81.25,0.11,0,0.0,Green,0,650.0
Caturra,Washed / Wet,81.25,0.11,0,0.0,Green,4,1524.0
Typica,Washed / Wet,81.25,0.12,0,0.0,Green,1,1500.0
,Washed / Wet,81.17,0.09,0,0.0,Green,7,1200.0
Bourbon,Washed / Wet,81.17,0.12,0,0.0,Green,2,1050.0
Caturra,Washed / Wet,81.17,0.12,0,0.0,Green,10,1200.0
Caturra,Washed / Wet,81.17,0.11,0,0.0,Bluish-Green,0,1300.0
Catuai,Natural / Dry,81.17,0.13,0,0.0,Green,1,1450.0
Caturra,Washed / Wet,81.17,0.12,0,0.0,Blue-Green,0,1450.0
Typica,Natural / Dry,81.17,0.0,0,0.0,,4,1200.0
Bourbon,Washed / Wet,81.17,0.12,0,0.0,Bluish-Green,2,1550.0
Caturra,Washed / Wet,81.17,0.12,0,0.0,Green,12,995.0
Catuai,Washed / Wet,81.17,0.11,0,0.0,Green,3,1300.0
Typica,Natural / Dry,81.17,0.13,3,0.0,Green,7,1800.0
Caturra,Washed / Wet,81.17,0.12,0,0.0,Green,4,1450.0
Mundo Novo,Natural / Dry,81.17,0.12,0,0.0,Green,1,1000.0
Mundo Novo,Natural / Dry,81.08,0.11,5,0.0,Green,8,695.0
Other,Washed / Wet,81.08,0.11,0,0.0,,1,1100.0
Pache Comun,Natural / Dry,81.08,0.0,0,0.0,,0,1706.88
Other,Washed / Wet,81.08,0.13,0,0.0,Green,2,1456.0
Caturra,Washed / Wet,81.08,0.13,0,0.0,Green,0,1500.0
Other,Washed / Wet,81.08,0.0,0,0.0,Green,0,853.44
Typica,Washed / Wet,81.08,0.13,5,0.0,,16,1650.0
Typica,Washed / Wet,81.08,0.12,0,0.0,Green,2,1300.0
Typica,Washed / Wet,81.08,0.11,0,0.0,Green,5,1642.0
Typica,Washed / Wet,81.08,0.1,0,0.0,Green,1,1200.0
Bourbon,Washed / Wet,81.0,0.0,0,2.0,Green,6,1450.0
Caturra,Washed / Wet,81.0,0.0,0,4.0,Green,4,1600.0
Bourbon,Washed / Wet,81.0,0.11,0,0.0,Green,1,1219.2
Typica,Washed / Wet,81.0,0.12,0,0.0,Bluish-Green,0,758.0
Caturra,Natural / Dry,81.0,0.12,0,0.0,Green,1,1350.0
Other,Washed / Wet,81.0,0.12,0,0.0,Green,5,1525.0
SL14,Natural / Dry,81.0,0.12,0,0.0,Green,3,1700.0
Typica,Semi-washed / Semi-pulped,81.0,0.11,0,0.0,Green,0,1100.0
,Washed / Wet,81.0,0.0,0,0.0,Green,3,800.0
Other,Washed / Wet,81.0,0.12,0,0.0,Green,12,950.0
Typica,Washed / Wet,81.0,0.0,0,0.0,Green,8,1100.0
Other,Washed / Wet,80.92,0.0,0,0.0,Blue-Green,0,200.0
Bourbon,Washed / Wet,80.92,0.1,0,0.0,Green,2,1901.0
SL28,Washed / Wet,80.92,0.11,0,0.0,Green,3,1600.0
Bourbon,Washed / Wet,80.92,0.11,0,0.0,Green,11,1100.0
Other,Other,80.92,0.0,0,0.0,,5,1066.8
Other,Washed / Wet,80.92,0.12,0,0.0,Green,0,1700.0
Yellow Bourbon,Natural / Dry,80.92,0.12,0,0.0,Green,8,1200.0
Typica,Washed / Wet,80.92,0.09,0,0.0,Green,0,550.0
Bourbon,Natural / Dry,80.92,0.1,0,0.0,,0,1100.0
Caturra,Washed / Wet,80.92,0.1,1,0.0,Green,3,1050.0
Pacas,Washed / Wet,80.92,0.12,2,0.0,Green,5,1524.0
Typica,Washed / Wet,80.92,0.11,0,0.0,,0,900.0
Typica,Other,80.92,0.11,0,0.0,Green,0,688.0
Typica,Washed / Wet,80.92,0.11,0,0.0,Green,0,300.0
Typica,Washed / Wet,80.92,0.13,0,0.0,Green,12,1186.0
Catimor,Washed / Wet,80.83,0.0,0,0.0,Green,0,1300.0
Caturra,Washed / Wet,80.83,0.11,0,0.0,Green,1,1200.0
Catuai,Semi-washed / Semi-pulped,80.83,0.13,0,0.0,Green,7,1210.0
Typica,Washed / Wet,80.83,0.11,0,0.0,Green,3,1100.0
Bourbon,Washed / Wet,80.83,0.13,0,0.0,Green,1,100.0
,,80.83,0.01,0,0.0,,1,1800.0
Caturra,Washed / Wet,80.75,0.12,0,0.0,Green,1,1706.88
Caturra,Natural / Dry,80.75,0.11,0,0.0,Green,2,1450.0
Caturra,Other,80.75,0.11,1,0.0,Green,4,1680.0
Catuai,Washed / Wet,80.75,0.09,0,0.0,Green,2,1350.0
Catuai,Natural / Dry,80.75,0.13,0,0.0,Green,1,1450.0
Caturra,Washed / Wet,80.75,0.11,0,0.0,Green,0,1300.0
Typica,Washed / Wet,80.75,0.11,0,0.0,Green,2,1200.0
Typica,Washed / Wet,80.75,0.12,0,0.0,Green,0,1000.0
Mandheling,Semi-washed / Semi-pulped,80.67,0.13,0,0.0,Blue-Green,1,1350.0
Bourbon,Washed / Wet,80.67,0.11,0,0.0,Green,0,1500.0
Caturra,Washed / Wet,80.67,0.11,0,0.0,Blue-Green,4,185.0
Caturra,Washed / Wet,80.67,0.12,0,0.0,Bluish-Green,1,995.0
Typica,Washed / Wet,80.67,0.12,0,0.0,Green,4,1200.0
Caturra,Natural / Dry,80.67,0.0,0,0.0,,1,1550.0
Bourbon,Washed / Wet,80.67,0.12,0,0.0,Green,5,1550.0
Other,Washed / Wet,80.58,0.12,0,0.0,Bluish-Green,1,1400.0
Bourbon,Semi-washed / Semi-pulped,80.58,0.0,0,0.0,Green,3,1200.0
Caturra,Washed / Wet,80.58,0.11,0,0.0,Green,5,1400.0
Bourbon,Natural / Dry,80.58,0.11,0,0.0,Green,5,1383.792
Other,Natural / Dry,80.5,0.0,0,0.0,Blue-Green,0,50.0
Caturra,Washed / Wet,80.5,0.1,0,0.0,Green,4,1500.0
Catuai,Washed / Wet,80.5,0.11,0,0.0,Green,5,1650.0
,,80.5,0.12,0,0.0,Green,0,280.0
Yellow Bourbon,Semi-washed / Semi-pulped,80.5,0.11,0,0.0,Green,3,1250.0
Other,Washed / Wet,80.5,0.11,0,0.0,Green,3,1219.2
Yellow Bourbon,Semi-washed / Semi-pulped,80.5,0.1,0,0.0,,10,1250.0
Bourbon,Washed / Wet,80.5,0.12,1,0.0,Green,1,1859.28
Typica,Washed / Wet,80.5,0.15,0,0.0,,1,1450.0
,,80.42,0.1,0,0.0,Green,0,1450.0
Typica,Washed / Wet,80.42,0.14,0,0.0,Green,0,600.0
Bourbon,Washed / Wet,80.42,0.0,0,0.0,Green,1,1450.0
Other,Washed / Wet,80.42,0.17,0,0.0,Green,14,1700.0
Typica,Washed / Wet,80.42,0.11,0,0.0,Green,0,600.0
Typica,Washed / Wet,80.42,0.1,2,0.0,Green,4,1050.0
Caturra,Washed / Wet,80.42,0.12,4,0.0,Green,16,1550.0
,,80.33,0.12,0,0.0,Green,0,1700.0
Bourbon,Washed / Wet,80.33,0.13,0,0.0,Green,5,1700.0
Yellow Bourbon,Other,80.33,0.11,0,0.0,Green,0,600.0
Bourbon,Washed / Wet,80.33,0.11,1,0.0,Green,4,1310.64
Typica,Semi-washed / Semi-pulped,80.33,0.11,0,0.0,Green,21,940.0
Catuai,Natural / Dry,80.25,0.11,0,1.0,Green,1,995.0
Caturra,Natural / Dry,80.25,0.1,0,0.0,Green,4,1400.0
Caturra,Washed / Wet,80.25,0.1,0,0.0,Green,2,1600.0
Other,Natural / Dry,80.25,0.11,1,0.0,Green,26,914.4
Caturra,Washed / Wet,80.25,0.11,0,0.0,Green,2,900.0
Typica,Semi-washed / Semi-pulped,80.25,0.11,0,0.0,Green,0,700.0
Caturra,Washed / Wet,80.25,0.11,1,0.0,Green,12,1400.0
Caturra,Washed / Wet,80.25,0.11,2,0.0,,8,808.0
Catimor,Other,80.17,0.0,0,0.0,,2,1550.0
Caturra,Washed / Wet,80.17,0.11,0,0.0,,2,1187.5
Catuai,Washed / Wet,80.17,0.11,0,0.0,Green,0,1400.0
Bourbon,Washed / Wet,80.17,0.11,0,0.0,Green,2,1310.64
Typica,Washed / Wet,80.17,0.11,0,0.0,Green,2,1250.0
Typica,Washed / Wet,80.17,0.14,1,0.0,Green,2,1550.0
Bourbon,Washed / Wet,80.17,0.12,0,0.0,Green,12,1000.0
Bourbon,Washed / Wet,80.17,0.11,0,0.0,Green,5,1310.64
Bourbon,Pulped natural / honey,80.08,0.11,0,0.0,Green,5,1100.0
Typica,Washed / Wet,80.08,0.07,0,0.0,Green,0,850.0
Typica,Other,80.08,0.11,0,0.0,Green,0,200.0
Typica,Washed / Wet,80.08,0.11,0,0.0,Green,0,150.0
Typica,Semi-washed / Semi-pulped,80.08,0.11,0,0.0,Green,0,250.0
Typica,Washed / Wet,80.08,0.15,0,0.0,,0,1300.0
Typica,Washed / Wet,80.08,0.14,1,0.0,Green,17,1300.0
Caturra,Washed / Wet,80.0,0.1,0,0.0,Green,5,1250.0
Typica,Washed / Wet,80.0,0.0,0,0.0,Green,2,1400.0
Typica,Washed / Wet,80.0,0.11,0,0.0,Green,0,250.0
,Washed / Wet,80.0,0.0,0,0.0,Green,0,800.0
Typica,Washed / Wet,80.0,0.12,0,0.0,Green,9,1250.0
Other,Washed / Wet,80.0,0.11,0,0.0,Green,12,1100.0
Bourbon,Washed / Wet,79.92,0.12,0,0.0,Green,4,1300.0
Other,Washed / Wet,79.92,0.12,1,0.0,Green,7,1100.0
Bourbon,Washed / Wet,79.92,0.0,0,0.0,,0,1100.0
Catuai,Washed / Wet,79.92,0.11,0,0.0,Green,3,1100.0
Typica,Natural / Dry,79.92,0.12,0,0.0,Green,6,1250.0
Mundo Novo,Washed / Wet,79.92,0.11,0,0.0,Green,0,1250.0
SL34,Washed / Wet,79.83,0.11,0,1.0,,5,1500.0
Bourbon,Washed / Wet,79.83,0.1,0,0.0,Green,2,1700.0
Caturra,Washed / Wet,79.83,0.11,0,0.0,Green,0,1250.0
Typica,Washed / Wet,79.83,0.12,0,0.0,Green,3,1300.0
Typica,Natural / Dry,79.75,0.0,0,0.0,,0,1000.0
Typica,Washed / Wet,79.75,0.1,0,0.0,Blue-Green,0,600.0
,Washed / Wet,79.75,0.12,0,0.0,Green,0,800.0
Catuai,Washed / Wet,79.75,0.1,0,0.0,Bluish-Green,4,1100.0
Typica,Washed / Wet,79.75,0.12,0,0.0,Green,4,1400.0
Bourbon,Washed / Wet,79.75,0.13,0,0.0,Green,4,1022.0
Bourbon,Washed / Wet,79.75,0.12,0,0.0,Green,5,1300.0
Bourbon,Washed / Wet,79.75,0.14,0,0.0,,0,1450.0
Typica,Washed / Wet,79.75,0.1,1,0.0,Green,22,1050.0
Typica,Washed / Wet,79.75,0.12,0,0.0,,7,1100.0
Bourbon,Washed / Wet,79.67,0.1,0,2.0,Green,1,1219.2
Bourbon,Washed / Wet,79.67,0.0,0,0.0,Bluish-Green,12,1250.0
,Washed / Wet,79.67,0.12,0,0.0,Blue-Green,0,800.0
Bourbon,Washed / Wet,79.67,0.11,0,0.0,Green,6,1310.64
Typica,Washed / Wet,79.67,0.12,0,0.0,Green,6,1400.0
Caturra,Washed / Wet,79.67,0.13,5,0.0,,6,975.0
Mundo Novo,Washed / Wet,79.67,0.0,0,0.0,,9,1264.0
Typica,Washed / Wet,79.58,0.12,0,0.0,,11,1250.0
Caturra,Washed / Wet,79.58,0.13,0,0.0,Green,5,1550.0
,,79.58,0.1,0,0.0,,4,1800.0
,,79.58,0.17,1,0.0,,19,1325.88
Caturra,Natural / Dry,79.5,0.12,0,0.0,Green,6,1050.0
Typica,Natural / Dry,79.5,0.0,0,0.0,,1,700.0
Caturra,Washed / Wet,79.5,0.0,0,0.0,Green,2,1550.0
Caturra,Washed / Wet,79.5,0.12,1,0.0,Green,20,1550.0
Typica,Washed / Wet,79.5,0.12,0,0.0,Bluish-Green,5,1100.0
Bourbon,Washed / Wet,79.42,0.1,0,0.0,Green,2,1219.2
Other,Washed / Wet,79.42,0.1,1,0.0,Green,4,1219.2
Typica,Washed / Wet,79.42,0.13,0,0.0,Green,30,800.0
,Washed / Wet,79.33,0.13,1,0.0,Bluish-Green,2,200.0
Caturra,Washed / Wet,79.33,0.0,0,0.0,Green,3,1200.0
Typica,Washed / Wet,79.33,0.14,0,0.0,,23,950.0
Typica,Washed / Wet,79.33,0.14,0,0.0,Green,19,750.0
Typica,Washed / Wet,79.25,0.11,0,0.0,Blue-Green,0,850.0
Bourbon,Washed / Wet,79.25,0.13,0,0.0,Green,10,1000.0
Bourbon,Washed / Wet,79.17,0.1,0,0.0,Green,0,1219.2
Catuai,Washed / Wet,79.17,0.11,0,0.0,Green,5,1650.0
Bourbon,Washed / Wet,79.17,0.11,0,8.0,Green,6,1320.0
Catuai,Washed / Wet,79.17,0.11,0,0.0,Green,6,1550.0
Typica,Washed / Wet,79.17,0.14,0,0.0,,8,1550.0
Typica,Washed / Wet,79.17,0.14,0,0.0,Green,34,1450.0
Typica,,79.17,0.01,0,0.0,,8,1200.0
Bourbon,Washed / Wet,79.08,0.1,0,0.0,Green,1,1700.0
Other,Washed / Wet,79.08,0.13,0,0.0,Green,0,853.44
Typica,Washed / Wet,79.08,0.16,0,0.0,,2,1500.0
Mundo Novo,Washed / Wet,79.08,0.11,0,0.0,Green,45,1100.0
Typica,Washed / Wet,79.08,0.1,0,0.0,Bluish-Green,0,1200.0
Other,Washed / Wet,79.0,0.12,0,0.0,Green,3,1219.2
Pacas,Washed / Wet,79.0,0.11,0,0.0,Green,12,1350.0
Typica,Washed / Wet,79.0,0.0,0,0.0,,4,1400.0
Mundo Novo,Natural / Dry,79.0,0.12,0,0.0,,12,1300.0
Typica,Semi-washed / Semi-pulped,79.0,0.14,3,0.0,Green,17,1550.0
Typica,Washed / Wet,79.0,0.14,7,0.0,Green,38,12.0
Typica,Washed / Wet,78.92,0.12,0,0.0,Green,8,1300.0
Typica,Washed / Wet,78.92,0.16,0,0.0,,0,1400.0
Caturra,Other,78.83,0.1,0,2.0,Green,4,1100.0
Bourbon,Washed / Wet,78.75,0.12,1,0.0,Green,8,1310.64
Typica,Washed / Wet,78.75,0.14,0,0.0,Green,0,1320.0
Typica,Semi-washed / Semi-pulped,78.75,0.14,0,0.0,,0,1250.0
Bourbon,Washed / Wet,78.75,0.12,0,0.0,,0,1350.0
Typica,Washed / Wet,78.67,0.0,0,0.0,Green,5,1850.0
Caturra,Washed / Wet,78.67,0.13,0,0.0,,2,1150.0
Other,Washed / Wet,78.58,0.12,0,0.0,Green,3,1219.2
Typica,Washed / Wet,78.58,0.1,0,0.0,Green,0,800.0
Typica,Washed / Wet,78.58,0.13,0,0.0,Green,1,1400.0
Typica,Washed / Wet,78.58,0.1,0,0.0,,1,1300.0
Bourbon,Washed / Wet,78.5,0.0,0,0.0,Green,0,1600.0
Typica,Washed / Wet,78.5,0.12,0,0.0,,14,1400.0
Caturra,Washed / Wet,78.5,0.13,1,0.0,Green,3,1200.0
Typica,Washed / Wet,78.42,0.14,0,0.0,,0,1500.0
Other,Washed / Wet,78.33,0.1,0,0.0,Green,2,1219.2
Bourbon,Washed / Wet,78.33,0.11,1,0.0,Green,4,1310.64
Typica,Natural / Dry,78.33,0.13,31,0.0,Green,47,1300.0
Java,Washed / Wet,78.17,0.13,0,0.0,,1,1300.0
Typica,Washed / Wet,78.08,0.11,0,0.0,Green,3,1050.0
Yellow Bourbon,Washed / Wet,78.0,0.0,3,0.0,Green,4,650.0
Pacas,Natural / Dry,78.0,0.11,2,0.0,Green,6,1350.0
Other,Washed / Wet,78.0,0.1,1,0.0,Green,2,1219.2
Typica,Washed / Wet,78.0,0.1,0,0.0,Green,28,1200.0
Bourbon,Washed / Wet,78.0,0.11,3,0.0,Green,9,1310.64
Other,Washed / Wet,78.0,0.12,2,0.0,Green,7,850.0
Caturra,Washed / Wet,77.92,0.12,2,0.0,Green,4,1200.0
Typica,Washed / Wet,77.92,0.11,0,0.0,Green,3,1248.0
,,77.83,0.1,0,0.0,Bluish-Green,0,1000.0
Bourbon,Washed / Wet,77.83,0.11,0,0.0,Green,2,1310.64
Typica,Washed / Wet,77.67,0.11,0,0.0,Bluish-Green,0,775.0
Typica,Washed / Wet,77.5,0.13,0,0.0,Green,3,1300.0
Bourbon,Washed / Wet,77.42,0.11,2,0.0,Green,15,1310.64
Bourbon,Natural / Dry,77.33,0.0,0,0.0,Green,3,890.0
Other,Washed / Wet,77.33,0.1,1,0.0,Green,2,1219.2
Typica,Washed / Wet,77.33,0.15,4,0.0,,5,1500.0
Typica,Washed / Wet,77.25,0.1,0,0.0,,1,825.0
Other,Washed / Wet,77.17,0.12,1,0.0,Green,11,1200.0
Caturra,Washed / Wet,77.0,0.0,7,0.0,Green,9,1200.0
Typica,,76.75,0.0,0,0.0,,0,1200.0
Typica,Washed / Wet,76.42,0.13,0,0.0,Green,14,1100.0
Bourbon,Washed / Wet,76.33,0.11,0,0.0,Green,8,1310.64
Typica,Washed / Wet,76.17,0.16,2,0.0,,4,1400.0
Bourbon,Washed / Wet,76.08,0.12,0,0.0,Green,12,1250.0
Pacas,Natural / Dry,76.0,0.11,0,0.0,Green,7,1350.0
,Washed / Wet,75.83,0.12,0,0.0,Green,2,1000.0
Bourbon,Washed / Wet,75.58,0.11,0,0.0,Green,15,1310.64
Pacamara,Washed / Wet,75.5,0.11,4,0.0,Green,20,1100.0
Mundo Novo,Washed / Wet,75.17,0.11,0,0.0,Green,20,1200.0
Other,Washed / Wet,75.17,0.12,0,0.0,,8,1100.0
Typica,Washed / Wet,75.17,0.13,23,0.0,Bluish-Green,29,1280.0
Typica,Washed / Wet,75.0,0.14,15,0.0,Green,7,850.0
Typica,Washed / Wet,74.92,0.17,0,0.0,,6,1500.0
Typica,Washed / Wet,74.83,0.12,0,0.0,Green,30,1250.0
Typica,Washed / Wet,74.67,0.12,0,0.0,Green,7,1700.0
Bourbon,Washed / Wet,74.33,0.11,1,0.0,Green,1,1310.64
Typica,Washed / Wet,74.33,0.14,3,0.0,Green,11,1140.0
Typica,Washed / Wet,74.0,0.13,0,0.0,,27,1200.0
Typica,Washed / Wet,73.83,0.12,0,0.0,Green,19,1250.0
Pacas,Washed / Wet,73.42,0.11,1,0.0,Green,16,1350.0
Typica,Washed / Wet,72.92,0.0,1,0.0,,1,1200.0
,,72.33,0.08,1,0.0,,0,1020.0
Caturra,Washed / Wet,71.75,0.11,0,0.0,Green,7,1200.0
Mundo Novo,Washed / Wet,71.08,0.12,4,0.0,Green,24,800.0
Bourbon,Washed / Wet,71.0,0.11,0,0.0,Green,0,1800.0
Typica,Washed / Wet,70.75,0.12,0,0.0,Green,1,1000.0
Catuai,Washed / Wet,69.33,0.1,0,0.0,Green,4,1450.0
Catuai,Washed / Wet,69.17,0.1,0,0.0,Green,3,1450.0
Catuai,Washed / Wet,69.17,0.1,0,0.0,Green,4,1450.0
Bourbon,Washed / Wet,68.33,0.11,0,0.0,,20,900.0
Typica,Natural / Dry,67.92,0.14,8,0.0,Blue-Green,16,350.0
Caturra,Other,63.08,0.13,1,0.0,Green,5,1100.0
Catuai,Washed / Wet,59.83,0.1,0,0.0,Green,4,1417.32
